stop_id,stop_lat,stop_lon,stop_name,imd_id
160911,38.553833,-9.017846,BREJOS AZEITÃO (R NOVA JARDIA 95),7601
160929,38.531238,-9.036269,R QTA DOS MALMEQUERES 11,25293
160609,38.539552,-8.847446,ALTO GUERRA (ESCOLA),14043
160948,38.504234,-9.041720,ALDEIA PIEDADE (ESTR S PEDRO),1527
160166,38.520254,-8.879084,ESTRADA DA GRAÇA 288,13301
160731,38.496871,-8.802499,PORTUCEL (FÁBRICA NOVA),14436
160273,38.527485,-8.894064,SETÚBAL (R JORGE SOUSA 12),144
160641,38.550505,-8.761589,BISCAINHO (39),14552
160310,38.521306,-8.799364,ESTR MORGADA (96),13343
160648,38.555829,-8.766870,GÂMBIA (R LIBERDADE) X R 9 OUTUBRO,14360
160141,38.528136,-8.886478,SETÚBAL (AV MANUEL Mª PORTELA 62),103
160993,38.517759,-9.020305,V N AZEITÃO (R ADELINO P CARL X R 9 ABR),25348
160576,38.534782,-9.016263,CHOILO (R JOÃO GONÇALVES ZARCO 180),7642
160287,38.543382,-8.860752,ESTR ALGERUZ (CEMITÉRIO) X,13987
160586,38.545466,-9.016540,BREJOS AZ (R S GONÇALO)X R ESC (ESCOLA),7595
160509,38.524471,-8.875042,SETÚBAL (PÇA OLGA MORAIS SARMENTO),14372
160764,38.547686,-8.998932,BREJOS AZEITÃO (R S GONÇALO 91),7617
160359,38.504313,-8.951315,VALE RASCA ( BECO DA RIBEIRA),13221
160407,38.521877,-8.900643,SETÚBAL (AV LUISA TODI) PST COMBUSTIVEL,1546
160946,38.501297,-9.038632,ALD PIEDADE (ESTR S PEDRO) QTA MAGNÓLIAS,1529
160905,38.555409,-9.015124,BREJOS AZEITÃO (R PADARIA 208),7607
160449,38.528364,-8.910455,SETÚBAL (R VIDAIS 25),13279
160565,38.527075,-9.001863,AZINHAGA PASMADOS (SUPERMERCADO),1521
160949,38.500889,-9.039062,ALD PIEDADE (ESTR S PEDRO) QTA MAGNÓLIAS,1530
160491,38.490459,-8.814988,INAPA,14782
160841,38.551206,-8.885896,SETÚBAL (N252 X ESTR DE MIRAVENTOS),1461
160970,38.536880,-8.888947,SETÚBAL (R ENG HENRIQUE CABEÇADAS),14524
160213,38.528472,-8.887129,SETÚBAL (R ALMEIDA GARRETT 14),127
160513,38.529490,-8.890181,SETÚBAL(AV ALEX HERCULANO)FRANGO VAIDOSO,14633
160693,38.516190,-8.826262,PRAIAS SADO (RUA PRINCIPAL 86),13360
160327,38.489693,-8.934266,OUTÃO (HOSPITAL ORTOPÉDICO),14747
160362,38.505395,-8.958099,RASCA,13223
160222,38.528070,-8.875176,SETÚBAL (AV INFANTE D HENRIQUE 39),14780
160455,38.540993,-8.885440,SETÚBAL (ESTR CIPRESTES149) CALDO VERDE,14795
160107,38.527594,-8.892795,SETÚBAL (AV 22 DEZEMBRO) CORREIOS,13330
160727,38.544438,-8.818761,R 28 DE MARÇO2,14875
160524,38.528886,-8.897668,SETÚBAL (R FREI ANT CHAGAS) IGRJ JUBILEU,14831
160343,38.515139,-8.909983,EN 379-1 (TOCA PAI LOPES),13310
160673,38.523842,-8.829384,EST VALE ROSA (CURVAS X),14325
160707,38.515160,-8.866119,ESTR GRAÇA (Bº VILA MARIA),14350
160353,38.521026,-8.902175,SETÚBAL (AV LUISA TODI620)ESCAD CASTELO,13313
160904,38.551522,-9.014421,BREJOS AZEITÃO(R PADARIA)XR CAMPONESES,7608
160872,38.542716,-8.849828,R MANUEL GONÇ BRANCOXR QTA SERRALHEIRA,14028
160384,38.531729,-8.811790,MOURISCA (R BAÍA SADO 12),13352
160824,38.526055,-8.889482,,1417
160837,38.494013,-8.932498,RUA ORLANDO CURTO,14044
160088,38.535327,-8.893541,SETÚBAL (AV RODRIGUES MANITO 69),13288
160020,38.523618,-8.867942,SETÚBAL (MERCADO 2 ABRIL),7670
160429,38.531952,-8.879796,SETÚBAL (R PINHEIRINHOS 6),7675
160438,38.528308,-8.902758,SETÚBAL (R NOSSA S CARMO 25),13269
160924,38.531526,-9.027600,BREJOS AZEITÃO (R EÇA QUEIROZ 15),1455
160315,38.521915,-8.810281,ESTR MORGADA (282),13338
160462,38.524908,-8.906113,SETÚBAL (R S FRANCISCO XAVIER 111),13274
160330,38.492134,-8.934420,OUTÃO X,14868
160365,38.504807,-8.970561,CASAL CRAMUAL,14837
160645,38.554745,-8.764454,GÂMBIA (R LIBERDADE) Bº INDIOS,14451
160787,38.522180,-9.016119,VN AZEITÃO (EN10) X R DR F G OLIVEIRA,199
160799,38.471055,-8.991270,X ARRÁBIDA,15040
160557,38.527891,-8.986405,V F AZEITÃO(N10)A NECESSID X VND AZEITÃO,1518
160257,38.525937,-8.902114,SETÚBAL (R NOSSA S CARMO) ESC,1302
160995,38.492284,-8.800778,ESTR MITRENA X PARQUE INDUSTRIAL,25430
160540,38.531378,-8.917469,EN10 KM362 - PST COMBUST,132
160504,38.490374,-8.799575,ESTR MITRENA X PARQUE INDUSTRIAL,13973
160775,38.529842,-8.991789,VENDAS AZEITÃO (R 25 ABRIL) ESC PRIM,1059
160629,38.534391,-8.896629,SETÚBAL (R TIMOR),56
160763,38.547795,-8.998992,BREJOS AZEITÃO (R S GONÇALO 91),7616
160937,38.555043,-9.035254,QTA CONDE EN 10 NEGREIROS - PONTE,12032
160146,38.541199,-8.874486,SETÚBAL (AV MESTRE LIMA FREITAS 20),1553
160760,38.542056,-9.020752,B AZEITÃO (R S GONÇALO)L NOVA(PARAGEMZN),7590
160485,38.496535,-8.832466,SAPEC (ADMINISTRAÇÃO),14085
160099,38.526269,-8.893866,SETÚBAL (AV 22 DEZEMBRO) LGO JESUS,128
160237,38.522133,-8.861478,SETÚBAL (R ESTEVAS 3),7674
160560,38.525399,-8.991264,V F AZEITÃO (EN10 KM 27900) GARE RODOV,1516
160443,38.527227,-8.905811,SETÚBAL (R SANTIAGO 7),14331
160747,38.519163,-9.013108,VILA NOGUEIRA AZEITÃO (EN10)PÇ REPÚBLICA,1393
160712,38.518348,-8.874037,ESTR GRAÇA (QTA PARVOÍCE),14726
160942,38.493178,-9.041228,R DA ESCOLA 3,14970
160870,38.542986,-8.847954,R QUINTA SERRALHEIRA XR VALE ANA GOMES,14435
160717,38.516872,-8.829234,PRAIAS SADO (R FERR CASTRO)MARÉS VIVAS 2,14600
160736,38.495044,-8.828171,PARQUE SAPEC BAY 126-127 ( CNE),14010
160785,38.525486,-9.017994,V NOGUEIRA AZEITÃO (EN10) X R ESC C+S,29
160323,38.520649,-8.826207,FARALHÃO (EM536-1 11),14788
160179,38.525938,-8.868420,SETÚBAL(AV BENTO JESUS CARAÇA)JD LANCHOA,104
160437,38.528610,-8.902961,SETÚBAL (R NOSSA S CARMO 25),13268
160430,38.532074,-8.879617,SETÚBAL (R PINHEIRINHOS 6),15020
160577,38.535275,-9.013736,CHOILO (R DIOGO DE SILVES 26),7639
160932,38.533039,-9.030571,R DA SOLIDARIEDADE 13,25294
160118,38.530557,-8.887672,SETÚBAL (AV REP GUINÉ-BISSAU11) MACONDE,13323
160556,38.517801,-8.980973,VILA F AZEITÃO (EN 10) HERD ARNEIROS,129
160902,38.549255,-9.014026,BREJOS AZEITÃO (R PADARIA 125),7610
160069,38.524845,-8.865651,SETÚBAL (AV BENTO JESUS CARAÇA 15),120
160959,38.495909,-9.043539,ALDEIA PIEDADE (ESTR ARCOS) QTA S AMARO,1534
160456,38.540925,-8.885289,SETÚBAL (ESTR CIPRESTES149) CALDO VERDE,1457
160697,38.515421,-8.833138,PRAIAS SADO (RUA PRINCIPAL 213),14390
160800,38.470531,-8.991634,X ARRÁBIDA,14662
160859,38.558469,-8.838107,ESTR ALGERUZ X ESTR CASA GAIATO,14944
160779,38.525361,-8.997738,VILA F AZEITÃO () X ESC PRIMÁRIA,1068
160797,38.478248,-9.030047,CASAIS DA SERRA,14321
161004,38.539680,-8.887745,SETÚBAL (TERMINAL VÁRZEA - P4),1360
160531,38.525053,-8.894660,SETÚBAL (KM 39200) LGO COMBATENTES,13332
160795,38.489093,-9.028994,ALAMBRE,7651
160265,38.524665,-8.912337,SETÚBAL (Bº NOVO VISO) ASSOC MORADORES,13277
160286,38.521866,-8.867244,SETÚBAL (AV BELA VISTA 14),14456
160714,38.518424,-8.836017,PRAIAS SADO ESTAÇÃO (RUA TOMÁS RIBEIRO),15005
160299,38.516983,-8.864270,SETÚBAL (AV NATÁLIA CORREIA 8),7689
160988,38.547196,-9.020397,CHOILO (R SOC MUSICAL BREJO CLÉRIGO 204),25292
160147,38.539687,-8.876773,SETÚBAL (NOVA SINTRA) ESC BÁSICA AZEDA,14457
160077,38.541002,-8.895505,SETÚBAL (AV RODRIGUES MANITO) IMTT,13295
160559,38.525451,-8.991369,V F AZEITÃO (EN10 KM 27900) GARE RODOV,1517
160129,38.521918,-8.889464,SETÚBAL (R ENG FERREIRA DA CUNHA),14638
160194,38.531195,-8.868733,SETÚBAL (R ROSMANINHO 9),7581
160639,38.547542,-8.762411,BISCAINHO (23),15023
160671,38.530843,-8.828211,EM536-1 208,14422
160891,38.554259,-8.766002,RUA DA LIBERDADE,14573
160494,38.488893,-8.810507,PORTUCEL X,14266
160807,38.544323,-9.028747,BRJ AZEITÃO (EN10 KM22 800) PARQUE,198
160546,38.525590,-8.936477,EN10 KM345 - ALTO SERRADOR,134
160307,38.520998,-8.795668,ESTR MORGADA ( 42),14849
160941,38.493161,-9.041292,R DA ESCOLA 3,14438
160721,38.544422,-8.818892,R 28 DE MARÇO,14575
160827,38.535085,-8.895423,SETÚBAL (RUA DE TIMOR),14271
160404,38.532633,-8.863884,SETÚBAL (AV DESCOBERTAS) CENTRO SAÚDE,1300
160916,38.548018,-9.016578,BREJOS AZEITÃO (R NOVA JARDIA 42),7596
162008,38.529585,-8.885758,SETÚBAL (ITS INTERIOR P8),11967
160235,38.521361,-8.860939,SETÚBAL (R PITEIRAS),7673
160264,38.525938,-8.909982,SETÚBAL (R BATALHA VISO 203),7656
161005,38.539657,-8.887619,SETÚBAL (TERMINAL VÁRZEA - P5),1361
160739,38.507080,-8.848468,ESTR MITRENA ( MATADOURO),14054
160768,38.555136,-8.986098,BJ AZEITÃO (R S GONÇALO X ESTR VL AMÉLIA),7621
160968,38.539359,-8.891019,SETÚBAL (AV MOÇAMBIQUE 4),14997
160935,38.522996,-9.023370,VILA NOGUEIRA AZEITÃO (ESC C+S),12017
160541,38.529917,-8.922289,S LUIS SERRA (EN10 KM35800),13283
160115,38.546644,-8.898208,SETÚBAL (AV RODRIGUES MANITO 45),13299
160943,38.497630,-9.040681,ALDEIA PIEDADE (LG DIOGO SILVA CARVALHO),1531
160229,38.522073,-8.872432,SETÚBAL (AV BELA VISTA) SUPERMERCADO,7667
160910,38.556540,-9.018393,BREJOS AZEITÃO (R NOVA JARDIA 172),7603
160243,38.532478,-8.873810,SETÚBAL (AV ALENTEJO) X (4 CAMINHOS),14143
160951,38.546900,-9.032896,PINHAL NEGREIROS (R POETA BOCAGE 20),14034
160633,38.526330,-8.865075,SETÚBAL (R GAIVOTAS 23),14698
160596,38.537900,-9.001468,R DA MATOSA (CASAS DE AZEITÃO),7624
160172,38.524369,-8.870281,SETÚBAL (R PD JOSÉ M NUNES SILVA 113),14922
160845,38.571351,-8.752367,EN 10 (PARAGEM CHAPARRAL),14224
160570,38.539209,-9.010765,GALEOTAS (R DA FELICIDADE 21),7647
162004,38.529562,-8.885682,SETÚBAL (ITS INTERIOR P4),11963
160883,38.525798,-8.889515,AV 5 OUTUBRO ESTAÇ RODOVIÁRIA PISTA 21,1418
160326,38.524387,-8.829945,CURVAS X,13365
160653,38.552415,-8.807903,EN 10 (PONTES) IMA,998
160849,38.555066,-8.802739,EN 10 () X GÂMBIA C- Bº BONITA,14563
160661,38.543840,-8.830946,EN 10 ( QTA JB) ANTES SADO INTERNACIONAL,13993
160789,38.518656,-9.014969,VN AZEITÃO (R JOSÉ A COELHO) PASMADOS,1506
160584,38.543001,-9.017326,CHOILO (R SOC MUSICAL BREJO CLÉRIGO 123),7634
160755,38.510399,-9.029700,ALDEIA IRMÃOS (PARAGEM ZONA),1526
160871,38.542668,-8.849935,R MANUEL GONÇ BRANCOXR QTA SERRALHEIRA,13986
160137,38.525414,-8.891874,SETÚBAL (AV 5 OUTUBRO 136),7662
160715,38.517351,-8.832769,PRAIAS SADO (R FERREIRA DE CASTRO),14242
160770,38.546973,-8.983228,CASAL NOVO (EN 379),1005
160826,38.519658,-8.903138,SETÚBAL (SABOARIA),14083
160811,38.519295,-8.901784,AV JOSÉ MOURINHO / TRAV SABOARIA,14055
160615,38.525287,-8.862094,SETÚBAL (AV SOEIRO PEREIRA GOMES 58),13953
160447,38.528728,-8.908431,SETÚBAL (R VIDAIS) ESC X,14203
160267,38.522854,-8.915730,SETÚBAL ( ESC SECUNDÁRIA VISO),14016
160017,38.522115,-8.868699,SETÚBAL (AV FRANCISCO FERNANDES) ESC,15082
160563,38.524009,-8.998219,V F AZEITÃO (EN10) URB BOM PASTOR,1513
160887,38.543100,-8.811400,COTOVIA (QTA ESPERANÇA),14379
160733,38.491986,-8.800833,ESTR MITRENA X PARQUE INDUSTRIAL,14910
160756,38.510529,-9.029188,ALDEIA IRMÃOS (PARAGEM ZONA),1525
160595,38.537721,-9.001448,R DA MATOSA (CASAS DE AZEITÃO),14458
160342,38.514365,-8.910870,ALBARQUEL (N10-4),14737
160034,38.529993,-8.876648,SETÚBAL (AV D JOÃO II 11),14488
160321,38.521614,-8.821984,STO OVÍDIO (43),13358
160324,38.520753,-8.826163,FARALHÃO (EM536-1 11),14402
160025,38.530177,-8.873881,SETÚBAL (AV AFONSO ALBUQUERQUE 58),1544
160380,38.540271,-8.807086,BREJOS CANES (208),13349
160432,38.532585,-8.876413,SETÚBAL (R 4 CAMINHOS 9),7677
162002,38.529881,-8.885516,SETÚBAL (ITS INTERIOR P2),11961
160489,38.491731,-8.821207,ESTR MITRENA (ALSTOM),14318
160301,38.520615,-8.861196,SETÚBAL (AV JOAQUIM CAMPOS),1565
160990,38.534739,-8.990280,VENDAS AZEITÃO (R GEN HUMB DELGADO 35),25295
160460,38.522784,-8.903411,SETÚBAL (R JOSÉ CARLOS MAIA 128),12422
160230,38.522089,-8.872240,SETÚBAL (AV BELA VISTA) SUPERMERCADO,14934
160481,38.499472,-8.839537,ESTR MITRENA ( BOLA SAPEC),14735
160256,38.526929,-8.900262,SETÚBAL (R ALVES SILVA 12),7660
160561,38.524154,-8.994053,V F AZEITÃO(EN10)ENTRECERCAS(QT MÁ PART),1514
160393,38.538125,-8.844762,R DO ALTO GUERRA 68,14287
160314,38.521792,-8.806964,ESTR MORGADA (240),13341
160103,38.523202,-8.890126,SETÚBAL (AV LUISA TODI) BIBLIOTECA,13318
160894,38.550714,-8.768825,R 9 DE OUTUBRO 29,15012
160888,38.543123,-8.811329,COTOVIA (QTA ESPERANÇA),14131
160041,38.523469,-8.834714,ESTEFANILHA ( 74),13367
160947,38.504185,-9.041786,ALDEIA PIEDADE (ESTR S PEDRO),1528
160716,38.517480,-8.832886,PRAIAS SADO (R FERREIRA DE CASTRO),14381
160072,38.522469,-8.852049,MANTEIGADAS,110
160127,38.522595,-8.889836,SETÚBAL (AV LUÍSA TODI 61),13317
160655,38.549410,-8.812239,EN 10 (PONTES) FLÔR PONTES,999
160906,38.555406,-9.015046,BREJOS AZEITÃO (R PADARIA 208),7606
160457,38.522078,-8.901788,SETÚBAL (R MARQUES COSTA 5),13271
160308,38.521079,-8.795668,ESTR MORGADA ( 42),13344
160431,38.532556,-8.876607,SETÚBAL (R 4 CAMINHOS 9),14745
160054,38.523077,-8.855665,SETÚBAL (ESC SEC D MANUEL MARTINS),97
160375,38.541667,-8.877296,SETÚBAL (AV MESTRE LIMA FREITAS 41),13261
160761,38.546557,-9.005592,BREJOS AZEITÃO (R S GONÇALO 142),7614
160389,38.539323,-8.837670,R DO ALTO GUERRA 2,14556
160385,38.536513,-8.822383,ESTR VL ROSA-MOUR (URB NV)XQTA FRAGOSO,14802
160857,38.561418,-8.772920,GÂMBIA (ESTR PRINCIPAL 45),14259
160079,38.539379,-8.895063,SETÚBAL (AV RODRIGUES MANITO 113B),58
160064,38.524995,-8.884065,SETÚBAL (AV JAIME CORTESÃO 146),124
160528,38.546420,-8.884604,SETÚBAL (ESTR CIPRESTES) X VARZINHA,12491
160710,38.516871,-8.869979,ESTR GRAÇA ( ARMAZENS),14262
160097,38.527695,-8.893135,SETÚBAL (AV 22 DEZEMBRO 25),13329
160272,38.530393,-8.898219,SETÚBAL (R GEN DANIEL SOUSA 110),145
160677,38.520328,-8.825066,EST STO OVÍDIO X MOURISCAS,15067
160268,38.522811,-8.915596,SETÚBAL ( ESC SECUNDÁRIA VISO),13276
160035,38.525791,-8.871286,SETÚBAL(AV BENTO JESUS CARAÇA 164),119
160568,38.535884,-9.007376,GALEOTAS - R FLORES (X) R COELHEIRAS 2,7650
160469,38.522902,-8.881764,SETÚBAL (R ESTEVÃO L VELHO 19),7663
160530,38.549264,-8.882183,SETÚBAL (QTA VARZINHA),14221
160955,38.498995,-9.048540,ALDEIA PIEDADE (AV 25 ABR) X ESTR ARCOS,1536
160197,38.522885,-8.864532,SETÚBAL (AV SOEIRO PEREIRA GOMES)CAB LUZ,13254
160117,38.530803,-8.887117,SETÚBAL (AV REP GUINÉ-BISSAU11) MACONDE,13324
160325,38.524508,-8.829969,CURVAS X,13366
160029,38.529225,-8.881982,SETÚBAL (PÇA TOUROS) HOSPITAL,1363
160448,38.528584,-8.908734,SETÚBAL (R VIDAIS) ESC X,14711
160335,38.508034,-8.929226,COMENDA (PARQUE MERENDAS),25448
160005,38.561009,-8.786496,EN10 (R JOSÉ PEIXOTO 1) EST ALGERUZ,14636
160611,38.541653,-8.849252,QTA SOBREIRO,15053
160279,38.522208,-8.860032,SETÚBAL (AV. JÚLIO SANTOS),14881
160398,38.537504,-8.854544,POÇO MOURO (EN 10) VIV MALAGUETA,982
160847,38.568446,-8.763920,EN 10 JUNTO A X R PRIMEIRO DE MAIO,14963
160867,38.544384,-8.843818,R QUINTA SERRALHEIRA 234,14407
160705,38.508690,-8.849202,PRAIAS SADO (R PRINCIPAL)CENTRAL EDP,14485
160186,38.538827,-8.866634,ESTR ALGERUZ (BOMBEIROS),1090
160989,38.547376,-9.020450,CHOILO (R SOC MUSICAL BREJO CLÉRIGO 204),25286
160001,38.566570,-8.773724,LOJA NOVA GÂMBIA (EN 10 X R GÂMBIA),14366
160669,38.531715,-8.828080,EM536-1 210 (PQ VALE ROSA),13992
160397,38.537647,-8.854694,POÇO MOURO (EN 10) VIV MALAGUETA,13907
160781,38.538778,-9.025732,BREJOS AZEITÃO (EN10 KM 23.4),207
160488,38.497913,-8.831295,SAPEC (FÁBRICA),15057
160306,38.520976,-8.792251,MORGADA,13345
160078,38.541067,-8.895326,SETÚBAL (AV RODRIGUES MANITO) IMTT,13294
160101,38.522868,-8.892911,SETÚBAL (AV LUISA TODI 137),13316
160901,38.549252,-9.014119,BREJOS AZEITÃO (R PADARIA 125),7611
160143,38.539881,-8.868305,SETÚBAL (AV M LIMA FREITAS)C COMERCIAL,1552
160218,38.533407,-8.866922,SETÚBAL (R TRATADO TORDESILHAS),1301
160483,38.496497,-8.835414,SAPEC X,14013
161002,38.539726,-8.887998,SETÚBAL (TERMINAL VÁRZEA - P2),1358
160227,38.522699,-8.874173,SETÚBAL (R GIL EANES 16),13300
160369,38.504437,-8.928457,RASCA X,14036
160275,38.531459,-8.875292,AV PEDRO ÁLVARES CABRAL 11,14671
160487,38.497958,-8.831441,SAPEC (FÁBRICA),14808
160719,38.517625,-8.826825,PRAIAS SADO (R FERR CASTRO) Bº TESOS,14142
160610,38.539324,-8.847420,ALTO GUERRA (ESCOLA),14313
160601,38.525985,-8.997036,VILA F AZEITÃO X ESCOLA BÁSICA,1067
160864,38.552683,-8.844256,ESTR ALGERUZ (FAZENDA PADEIRAS),14020
160251,38.527912,-8.894344,SETÚBAL (R JORGE SOUSA 18),54
160578,38.535235,-9.013704,CHOILO (R DIOGO DE SILVES 26),7640
160986,38.533581,-9.026387,V N AZEITÃO (R EUROCERAMICA 54),25191
160411,38.527709,-8.888525,SETÚBAL (R GAMA BRAGA 25),7577
160209,38.525953,-8.861948,SETÚBAL (AV SOEIRO PEREIRA GOMES) TERM,113
160732,38.496891,-8.802386,PORTUCEL (FÁBRICA NOVA),14125
160723,38.536795,-8.823690,ESTR VL ROSA-MOUR (URB NV)XQTA FRAGOSO,14926
160050,38.520662,-8.848111,MANTEIGADAS (ESC PROFISSIONAL SETÚBAL),1567
160080,38.539450,-8.894854,SETÚBAL (AV RODRIGUES MANITO 113B),14369
160391,38.538345,-8.842020,R DO ALTO GUERRA 20,15027
160767,38.555187,-8.985965,BJ AZEITÃO (R S GONÇALO X ESTR VL AMÉLIA),7620
160269,38.525468,-8.902590,SETÚBAL (R BATALHA VISO 49) ESC,7659
160379,38.540163,-8.807139,BREJOS CANES (208),13350
160702,38.516929,-8.838025,PRAIAS SADO (R PRINCIPAL) ANTES CURVA,13364
160395,38.537923,-8.846823,ALTO GUERRA (ACESSO EN 10),14751
160858,38.561400,-8.772741,GÂMBIA (ESTR PRINCIPAL 45),14211
160907,38.557606,-9.016734,BREJOS AZEITÃO (R PARIS 17),7605
160360,38.504424,-8.951183,VALE RASCA ( BECO DA RIBEIRA),13222
160922,38.534625,-9.027680,BREJOS AZEITÃO (R SANTOS MEIA 16),25189
160651,38.560503,-8.775809,GÂMBIA (EST PRINCIPAL) PARQ CAMPISMO,14986
160471,38.523107,-8.877801,SETÚBAL (R D PEDRO F SARDINHA 31),14654
161001,38.539748,-8.888124,SETÚBAL (TERMINAL VÁRZEA - P1),1362
160886,38.546578,-8.815767,COTOVIA (R MONTINHO COTOVIA) FARMÁCIA,14591
160405,38.532953,-8.868802,SETÚBAL (R ALJUBARROTA 20),1541
160522,38.527444,-8.896294,SETÚBAL (R OLIVEIRA MARTINS 17),143
160713,38.518465,-8.836121,PRAIAS SADO ESTAÇÃO (RUA TOMÁS RIBEIRO),14696
160056,38.523649,-8.862869,SETÚBAL (AV ANTÓNIO SÉRGIO 8),13252
160505,38.488532,-8.808305,ESTR MITRENA(ANTES PORTUCEL ESCRITÓRIOS),14169
160413,38.533029,-8.862552,SETÚBAL (R ENGº MAMEDE FIALHO 6),14327
160003,38.562180,-8.783794,EN 10 X VALE ABRUNHEIRA KM 50,13914
160613,38.543617,-8.852159,QTA AMIZADE,14465
160247,38.529490,-8.873484,SETÚBAL (R LÁCIA ENCARNAÇÃO MARACOTO 5),14164
160254,38.530692,-8.898759,EN 10 KM38 - POSTO COMBUSTIVEL,140
160566,38.527258,-9.001850,AZINHAGA PASMADOS (SUPERMERCADO),14610
160366,38.504823,-8.970440,CASAL CRAMUAL,13920
160313,38.521700,-8.806663,ESTR MORGADA (240),14769
160417,38.540182,-8.835250,VALE ROSA,14248
160289,38.544844,-8.855804,ESTR ALGERUZ (VALE ANA GOMES) X,1550
160090,38.534026,-8.893111,SETÚBAL (AV RODRIGUES MANITO) LICEU,13286
160234,38.521434,-8.862902,SETÚBAL (R PITEIRAS) CENTRO CULTURAL,7672
160049,38.520889,-8.848197,MANTEIGADAS (ESC PROFISSIONAL SETÚBAL),221
160260,38.525192,-8.905350,SETÚBAL (R BATALHA VISO 103) C SAÚDE,14833
160525,38.544204,-8.884618,SETÚBAL (ESTR CIPRESTES) ÁGUAS SADO,14332
160830,38.536219,-8.894848,SETÚBAL (RUA FRANCISCO SÁ CARNEIRO),14890
160474,38.523348,-8.876282,SETÚBAL (R D PEDRO F SARDINHA 2),7665
160593,38.541689,-9.004559,BREJOS (R PRAIA DA FIGUEIRINHA 32),7626
160919,38.542873,-9.026364,BREJOS AZEITÃO (R MÁRIO VIEGAS 53),7588
160165,38.520137,-8.879113,ESTRADA DA GRAÇA 288,13302
160798,38.478047,-9.029943,CASAIS DA SERRA,14423
160899,38.546405,-9.013366,BREJOS AZEITÃO (R PADARIA 52),7613
160868,38.544307,-8.843757,R QUINTA SERRALHEIRA 234,14908
160537,38.532309,-8.913891,EN10 KM365 - QTA VIDAIS 146,13285
162001,38.530040,-8.885432,SETÚBAL (ITS INTERIOR P1),11960
160623,38.527740,-8.869479,SETÚBAL (R EÇA QUEIROZ 43),13258
160971,38.522576,-8.873838,SETÚBAL (R GIL EANES 16),7666
160059,38.525214,-8.876556,SETÚBAL (AV JAIME CORTESÃO 4),106
160612,38.541727,-8.849108,QTA SOBREIRO,14927
160709,38.516816,-8.870029,ESTR GRAÇA ( ARMAZENS),15083
160371,38.541212,-8.854109,PÇ MOURO(R HENR ROSA)DEP RETIRO FERNANDO,1548
160346,38.517859,-8.905623,EN 379-1 X PARQUE URBANO ALBARQUEL,13311
160740,38.507333,-8.848563,ESTR MITRENA ( MATADOURO),14387
160769,38.547509,-8.983285,CASAL NOVO (EN 379),312
160976,38.484816,-8.961995,PRAIA DOS GALAPOS,13681
160720,38.517695,-8.826626,PRAIAS SADO (R FERR CASTRO) Bº TESOS,14116
160851,38.535119,-8.864505,EN 10 ( SUBESTAÇÃO EDP),14363
160921,38.534658,-9.027897,BREJOS AZEITÃO (R SANTOS MEIA 16),1453
160944,38.497722,-9.040559,ALDEIA PIEDADE (LG DIOGO SILVA CARVALHO),1532
160211,38.525009,-8.879080,SETÚBAL (AV JAIME CORTESÃO 40),13333
160458,38.522081,-8.901679,SETÚBAL (R MARQUES COSTA 5),13270
160825,38.519917,-8.902961,SETÚBAL (SABOARIA),14734
160749,38.516733,-9.018459,VN AZEITÃO (R JOSÉ A COELHO 150),1507
160737,38.498143,-8.829346,PARQUE SAPEC BAY 116-117,14505
160604,38.528082,-8.985553,VF AZEITÃO(EN10)A NECESSIDXVND AZEITÃO,1519
160626,38.527803,-8.871621,SETÚBAL (R JOÃO DEUS 107),14624
160885,38.546498,-8.815788,COTOVIA (R MONTINHO COTOVIA) FARMÁCIA,13925
160548,38.525016,-8.947432,ALDEIA GRANDE (EN 10) QTA ESTEVAL,14358
160913,38.550201,-9.017340,BREJOS AZEITÃO (R NOVA JARDIA 74),7599
160538,38.532236,-8.913630,EN10 KM365 - QTA VIDAIS 146,138
160813,38.520495,-8.895594,AV JOSÉ MOURINHO /R TRABALHADORES DO MAR,14391
160550,38.522574,-8.958719,ALDEIA GRANDE (EN10 KM32500),14820
160219,38.533923,-8.869345,SETÚBAL (AV ALENTEJO 6),14827
160547,38.524612,-8.946451,ALDEIA GRANDE (EN 10) QTA ESTEVAL,14783
160567,38.535933,-9.007543,GALEOTAS - R FLORES (X) R COELHEIRAS 2,7649
160281,38.520300,-8.861967,SETÚBAL (AV JOAQUIM CAMPOS D),14257
160105,38.525180,-8.893960,SETÚBAL (AV 22 DEZEMBRO) ESC CONDUÇÃO,100
160507,38.524823,-8.896738,SETÚBAL (AV COMBATENTES) SADINO,14689
160479,38.510930,-8.854840,ESTR MITRENA (ESTALEIRO ETERMAR),14272
160014,38.515223,-8.864169,SETÚBAL (AV BELO HORIZONTE)Bº VILA MARIA,14156
160591,38.542220,-9.008062,BREJOS (R VITORIOSOS 23A) VALE CHOUPO,7629
161003,38.539703,-8.887871,SETÚBAL (TERMINAL VÁRZEA - P3),1359
160772,38.537113,-8.987160,PINHEIROS AZEITÃO X,1056
160055,38.523545,-8.863136,SETÚBAL (AV ANTÓNIO SÉRGIO 8),109
160316,38.521993,-8.810304,ESTR MORGADA (282),13339
160093,38.531404,-8.889676,SETÚBAL (AV INDEPENDÊNCIA COLÓNIAS) PAV,13325
160657,38.546184,-8.817767,COTOVIA ( 231 SEMÁFOROS),996
160167,38.523007,-8.875112,SETÚBAL (AV D MANUEL I),14430
162007,38.529744,-8.885674,SETÚBAL (ITS INTERIOR P7),11965
160920,38.542795,-9.025346,BREJOS AZEITÃO (R SERRAÇÃO 90),7591
160329,38.492204,-8.934546,OUTÃO X,13972
160599,38.545125,-9.010356,BREJOS (R DO ROSEIRAL 23) VALE CHOUPO,7628
160574,38.537366,-9.018069,CHOILO (R FAMÍLIA BRONZE 29),7644
160517,38.541704,-8.876699,SETÚBAL (AV MESTRE LIMA FREITAS 34),13949
160704,38.512804,-8.843800,PRAIAS SADO (R PRINCIPAL 33),13346
160960,38.495960,-9.043461,ALDEIA PIEDADE (ESTR ARCOS) QTA S AMARO,1533
160322,38.521544,-8.821943,STO OVÍDIO (43),14515
160627,38.526478,-8.875304,SETÚBAL (AV INFANTE D HENRIQUE11),14794
160685,38.524842,-8.814363,FARALHÃO Bº COOP (AV PRINCIPAL 103),15052
160033,38.530133,-8.876655,SETÚBAL (AV D JOÃO II 11),14739
160681,38.524178,-8.813319,ESTR MOURISCA (210),14826
160374,38.542950,-8.855815,QTA AMIZADE (1 ROTUNDA),1549
160954,38.546516,-9.034665,R POE CALAFATE 110,14760
160658,38.546001,-8.817846,COTOVIA ( 231 SEMÁFOROS),997
160703,38.512895,-8.843892,PRAIAS SADO (R PRINCIPAL 33),13347
160266,38.524569,-8.912120,SETÚBAL (Bº NOVO VISO) ASSOC MORADORES,7655
160801,38.484388,-8.973351,PRAIA DO CREIRO,14520
160091,38.533096,-8.889959,SETÚBAL (R ANTÓNIO JOSÉ GAMITO 17),14528
160344,38.515080,-8.909862,EN 379-1 (TOCA PAI LOPES),14015
160725,38.521326,-8.836984,RUA VALE DE CHAVES,25574
160581,38.540201,-9.015926,CHOILO (R SOC MUSICAL BREJO CLÉRIGO 1),7635
160691,38.518292,-8.825721,PRAIAS SADO (RUA PRINCIPAL 23),13359
160698,38.515495,-8.833126,PRAIAS SADO (RUA PRINCIPAL 213),14757
160552,38.520804,-8.963524,ALDEIA GRANDE (EN 10 KM 32000 92),14938
160879,38.545941,-8.865133,CEMITÉRIO ALGERUZ,14626
160640,38.547622,-8.762293,BISCAINHO (23),14113
160865,38.546797,-8.843696,R QUINTA SERRALHEIRA 341,13956
160652,38.560436,-8.775801,GÂMBIA (EST PRINCIPAL) PARQ CAMPISMO,14252
160383,38.531898,-8.811769,MOURISCA (R BAÍA SADO 12),13353
160082,38.538614,-8.893750,SETÚBAL (AV MOÇAMBIQUE 68),13293
160701,38.516767,-8.837950,PRAIAS SADO (R PRINCIPAL) ANTES CURVA,13363
160750,38.516666,-9.018427,VN AZEITÃO (R JOSÉ A COELHO 150),1508
160967,38.539166,-8.891086,SETÚBAL (AV MOÇAMBIQUE 4),14607
160500,38.489963,-8.795228,ESTR MITRENA X LISNAVE,13902
160312,38.521589,-8.803761,ESTR MORGADA (182),13342
160774,38.532728,-8.988910,VENDAS AZEITÃO (R 25 ABRIL 46),1142
160963,38.517353,-9.029001,R JOSÉ SACRAMENTO 16,14218
160711,38.518259,-8.874092,ESTR GRAÇA (QTA PARVOÍCE),14616
160356,38.504277,-8.930275,FÁBRICA SÉCIL (PORTARIA),14763
160569,38.539230,-9.011032,GALEOTAS (R DA FELICIDADE 21),7648
160037,38.525556,-8.870781,SETÚBAL (AV B J CARAÇA) IGREJA N S CONC,1560
160068,38.529845,-8.885899,SETÚBAL (ITS EXTERIOR P2),11958
160255,38.526819,-8.900170,SETÚBAL (R ALVES SILVA 12),1303
160699,38.516267,-8.836305,PRAIAS SADO (RUA PRINCIPAL 240),13936
160917,38.540497,-9.024826,BREJOS AZEITÃO (R MÁRIO VIEGAS LTE 29),7589
160261,38.525776,-8.907785,SETÚBAL (R BATALHA VISO 84),7657
160484,38.496594,-8.835284,SAPEC X,14536
160555,38.517781,-8.981228,VILA F AZEITÃO (EN 10) HERD ARNEIROS,1520
160987,38.533701,-9.026412,V N AZEITÃO (R EUROCERAMICA 54),25190
160643,38.552970,-8.761494,GÂMBIA (R LIBERDADE) MONTE GÂMBIA,14095
160084,38.538426,-8.892307,SETÚBAL (R CIDADE BEIRA 1),13290
160881,38.553921,-8.866038,ESTRADA DE POÇOILOS,14057
160670,38.531891,-8.827891,EM536-1 210 (PQ VALE ROSA),14990
160788,38.522736,-9.016201,VN AZEITÃO (EN10) X R DR F G OLIVEIRA,1509
160403,38.532405,-8.863938,SETÚBAL (AV DESCOBERTAS) CENTRO SAÚDE,15063
160965,38.526021,-9.021620,VILA NOG AZEITÃO (AV 25 ABR) (MERCADO),15193
160145,38.541046,-8.874539,SETÚBAL (AV MESTRE LIMA FREITAS 20),1554
160193,38.531161,-8.868951,SETÚBAL (R ROSMANINHO 9),1542
160241,38.532309,-8.865388,SETÚBAL (R ADRIANO CORREIA OLIVEIRA),14526
160291,38.543560,-8.851720,QTA AMIZADE,14080
160926,38.523009,-9.021682,VILA NOGUEIRA AZEITÃO (ESC C+S),15472
160285,38.521736,-8.867300,SETÚBAL (AV BELA VISTA 14),14972
160502,38.482095,-8.793234,MITRENA LISNAVE (N10-4 ),14623
160981,38.524376,-9.019534,V N AZEITÃO (R ESCOLA PREPARATÓRIA),25214
160012,38.513302,-8.860179,CACHOFARRA,14895
160863,38.552815,-8.844215,ESTR ALGERUZ (FAZENDA PADEIRAS),14674
160923,38.531467,-9.027673,BREJOS AZEITÃO (R EÇA QUEIROZ 15),1454
160081,38.538689,-8.894027,SETÚBAL (AV MOÇAMBIQUE 68),13292
160199,38.523300,-8.897492,SETÚBAL (AV LUISA TODI 418),13314
160562,38.524239,-8.993607,V F AZEITÃO(EN10)ENTRECERCAS(QT MÁ PART),1515
160043,38.523497,-8.839303,ALTO ESTEFANILHA (IPS),115
160311,38.521499,-8.803718,ESTR MORGADA (182),13927
160175,38.522729,-8.864268,SETÚBAL (AV SOEIRO PEREIRA GOMES)CAB LUZ,13253
160534,38.533297,-8.901935,EN 10 KM 37500 - QTA SANTANA,1298
160510,38.524732,-8.874863,SETÚBAL (PÇA OLGA MORAIS SARMENTO),13334
160042,38.523563,-8.834542,ESTEFANILHA ( 74),13368
160083,38.538401,-8.892463,SETÚBAL (R CIDADE BEIRA 1),13291
160435,38.527114,-8.902512,SETÚBAL (R NOSSA S CARMO) JARDIM,13912
160415,38.537605,-8.848362,ALTO GUERRA (EN 10) SEMÁFOROS,14917
160131,38.522000,-8.887150,SETÚBAL (AV JAIME REBELO),14995
160985,38.528687,-9.024483,V N AZEITÃO (R MERCADO),25209
160245,38.531300,-8.875481,SETÚBAL (AV PEDRO ÁLVARES CABRAL 11),14277
160271,38.530434,-8.898402,SETÚBAL (R GEN DANIEL SOUSA 110),14506
162006,38.529902,-8.885590,SETÚBAL (ITS INTERIOR P6),11964
160381,38.536649,-8.807002,BREJOS CANES ( QTA CANTINHO AMOR),13351
160551,38.520913,-8.963743,ALDEIA GRANDE (EN 10 KM 32000 92),14092
160692,38.518372,-8.825651,PRAIAS SADO (RUA PRINCIPAL 23),14464
160791,38.545816,-9.025284,BREJOS AZEITÃO (R JOSÉ AFONSO 4),7586
160835,38.528419,-8.908324,EB CASAL DAS FIGUEIRAS,25271
160461,38.524783,-8.906143,SETÚBAL (R S FRANCISCO XAVIER 111),13273
160549,38.522722,-8.958784,ALDEIA GRANDE (EN10 KM32500),14319
160045,38.524023,-8.844831,TANOEIRA X,117
160984,38.528868,-9.024556,V N AZEITÃO (R MERCADO),25210
160426,38.538743,-8.885197,SETÚBAL (ESTR CIPRESTES) OFICINAS MUNICI,13954
160745,38.521758,-8.884568,SETÚBAL (CAIS FERRY BOAT),13320
160660,38.544308,-8.827496,EN 10 ( SADO INTERNACIONAL),14707
160503,38.490186,-8.799637,ESTR MITRENA X PARQUE INDUSTRIAL,14585
160239,38.530725,-8.866188,SETÚBAL (R ADRIANO CORREIA OLIVEIRA) ESC,14803
160191,38.537658,-8.867075,ESTR ALGERUZ ( BOMBEIROS),13260
160597,38.542089,-9.009121,BREJOS (R DO ROSEIRAL 23) VALE CHOUPO,7627
160480,38.511006,-8.854772,ESTR MITRENA (ESTALEIRO ETERMAR),14421
160427,38.533838,-8.877652,SETÚBAL (R BOMBEIROS SETÚBAL 13),7676
160022,38.529584,-8.870359,SETÚBAL (R DR LUIS T MACEDO CASTRO 27),13259
160644,38.553053,-8.761424,GÂMBIA (R LIBERDADE) MONTE GÂMBIA,14629
160571,38.538661,-9.014034,GALEOTAS (R RAINHA DONA AMÉLIA 26),7645
160659,38.544077,-8.827237,EN 10 ( SADO INTERNACIONAL),14992
160529,38.549266,-8.882345,SETÚBAL (QTA VARZINHA),1460
160539,38.531516,-8.917503,EN10 KM362 - PST COMBUST,13284
160231,38.522700,-8.869116,SETÚBAL (AV BELA VISTA BLOCO 5),14615
160207,38.537679,-8.877776,SETÚBAL (AV CORAÇÃO MARIA) C COMERCIAL,14133
160113,38.537089,-8.892040,SETÚBAL (AV ANGOLA 23),13289
160580,38.536798,-9.014123,CHOILO (R SOC MUSICAL BREJO CLÉRIGO 29),7638
160873,38.540810,-8.856377,R DOS DAMASQUEIROS 7,14215
160451,38.526472,-8.912955,SETÚBAL (R VIDAIS 1),7704
160305,38.520883,-8.792263,MORGADA,14912
160708,38.515273,-8.866137,ESTR GRAÇA (Bº VILA MARIA),15007
160151,38.538011,-8.881373,SETÚBAL (R NOVA SINTRA 52),13262
160897,38.521302,-9.008473,VILA NOGUEIRA AZEITÃO (EN10) QTA TORRES,217
160676,38.519300,-8.825894,PRAIAS SADO (R PRINCIPAL 23),14672
160169,38.524227,-8.874017,SETÚBAL (R PD JOSÉ M N SILVA)XR CEVEDE,14078
160171,38.524195,-8.870177,SETÚBAL (R PD JOSÉ M NUNES SILVA 113),14531
160441,38.526977,-8.904791,SETÚBAL (R S JESUS AFLITOS 11),13307
160579,38.536730,-9.014184,CHOILO (R SOC MUSICAL BREJO CLÉRIGO 29),7637
160839,38.484935,-8.947867,R ORLANDO COUTO (PRAIA FIGUEIRINHA),14496
162005,38.530062,-8.885506,SETÚBAL (ITS INTERIOR P5),11966
160752,38.515034,-9.020144,ALDEIA RICA,1524
160463,38.526787,-8.912792,SETÚBAL (R VIDAIS 1),13943
160853,38.535529,-8.861864,EN 10 ( SUBESTAÇÃO EDP),983
160803,38.531130,-9.021038,BREJOS AZEITÃO (EN10 KM24 500) P COMB,204
160918,38.540505,-9.023868,BREJOS AZEITÃO (R SERRAÇÃO 6),7592
160495,38.490174,-8.807028,PORTUCEL (ESCRITÓRIOS),15011
160966,38.525868,-9.021638,VILA NOG AZEITÃO (AV 25 ABR) (MERCADO),15192
160201,38.533445,-8.884069,SETÚBAL(AV CIPRESTES) POSTO ABASTECIMENTO,14867
160318,38.522322,-8.814939,ALTO FARALHÃO,13337
160662,38.543771,-8.830771,EN 10 ( QTA JB) ANTES SADO INTERNACIONAL,14521
160903,38.551539,-9.014521,BREJOS AZEITÃO(R PADARIA)XR CAMPONESES,7609
160829,38.536186,-8.894999,SETÚBAL (RUA FRANCISCO SÁ CARNEIRO),14898
160009,38.558165,-8.792992,EN 10 (MOVALPA) VALE ABRUNHEIRA,15031
160675,38.519268,-8.826075,PRAIAS SADO (R PRINCIPAL 23),14213
160205,38.535839,-8.883437,SETÚBAL (AV ANTERO QUENTAL 71) VIADUTO,1295
160249,38.529130,-8.874083,SETÚBAL (R JOSÉ LEITE VASCONCELOS 13),14330
160607,38.532412,-8.908928,S LUIS SRR (EN10KM369) HOSP SANT'IAGO,137
160521,38.527534,-8.896392,SETÚBAL (R OLIVEIRA MARTINS 17),13304
160358,38.502323,-8.934452,FÁBRICA SÉCIL (FORNO),13220
160679,38.522817,-8.814877,EST STO OVÍDIO X MOURISCAS,14362
160123,38.526801,-8.890521,SETÚBAL (AV ALEXANDRE HERCULANO) BONFIM,1092
160766,38.550697,-8.994554,BREJOS AZEITÃO (R S GONÇALO 65),7619
160377,38.543629,-8.853955,QTA AMIZADE (R ANT J ROSA) DEPOIS ROT,14478
160023,38.530212,-8.871629,SETÚBAL (AV AFONSO ALBUQUERQUE 9),1543
160183,38.533576,-8.866793,SETÚBAL(AV DESCOBERTAS)ESC COND MANOBRAS,1556
160148,38.539549,-8.876609,SETÚBAL (NOVA SINTRA) ESC BÁSICA AZEDA,2
160016,38.520432,-8.869960,SETÚBAL (AV FRANCISCO FERNANDES) CÁRITAS,7668
160467,38.542309,-8.893748,SETÚBAL (AV D PEDRO V) TERMINAL,13266
160293,38.545057,-8.856113,ESTR ALGERUZ (VALE ANA GOMES) X,14073
160956,38.498812,-9.048417,ALDEIA PIEDADE (AV 25 ABR) X ESTR ARCOS,1535
160031,38.529541,-8.881414,SETÚBAL (PÇA TOUROS) HOSPITAL,1136
160511,38.528383,-8.889733,SETÚBAL (R ALMEIDA GARRETT) JARDM BONFIM,14175
160706,38.508694,-8.848992,PRAIAS SADO (R PRINCIPAL)CENTRAL EDP,14810
160170,38.524108,-8.873715,SETÚBAL (R PD JOSÉ M N SILVA)XR CEVEDE,14185
160533,38.533329,-8.902216,EN 10 KM 37500 - QTA SANTANA,136
160582,38.540364,-9.015913,CHOILO (R SOC MUSICAL BREJO CLÉRIGO 1),7636
161006,38.539654,-8.887509,SETÚBAL (TERMINAL VÁRZEA - P6),1357
160516,38.543126,-8.880544,SETÚBAL (ESTR VALE MULATAS) COLÉGIO,14012
160053,38.522838,-8.855979,SETÚBAL (ESC SEC D MANUEL MARTINS),96
160019,38.523640,-8.868338,SETÚBAL (MERCADO 2 ABRIL),13303
160320,38.522172,-8.818266,FARALHÃO ( ESC),13357
160065,38.528087,-8.882955,SETÚBAL (AV BENTO GONÇ)CENTRO COMERCIAL,99
160174,38.522550,-8.866203,SETÚBAL (R PD JOSÉ Mª NUNES SILVA 30),1561
160824,38.525925,-8.889496,,1416
160744,38.518521,-8.875611,EN 10-4 (KM 12000) PORTO SETÚBAL,14796
160575,38.534706,-9.016305,CHOILO (R JOÃO GONÇALVES ZARCO 180),7641
160931,38.532869,-9.030434,R DA SOLIDARIEDADE 13,25296
160526,38.544205,-8.884449,SETÚBAL (ESTR CIPRESTES) ÁGUAS SADO,13265
160215,38.533252,-8.868225,SETÚBAL (R ALJUBARROTA 1),7582
160991,38.520811,-9.017640,V N AZEITÃO (CENTRO SAUDE),25347
160047,38.523156,-8.847039,BAIXA SANTAS (FÁB ALCATRÃO),107
160382,38.536747,-8.806970,BREJOS CANES ( QTA CANTINHO AMOR),14530
160220,38.533857,-8.869155,SETÚBAL (AV ALENTEJO 6),14712
160678,38.520276,-8.824925,EST STO OVÍDIO X MOURISCAS,14066
160253,38.529941,-8.898710,EN 10 KM38 - POSTO COMBUSTIVEL,14909
160328,38.489700,-8.934075,OUTÃO (HOSPITAL ORTOPÉDICO),14717
160866,38.546805,-8.843575,R QUINTA SERRALHEIRA 341,14167
160168,38.523260,-8.874901,SETÚBAL (AV D MANUEL I),13901
160773,38.532270,-8.989222,VENDAS AZEITÃO (R 25 ABRIL 46),1006
160445,38.529377,-8.904971,SETÚBAL (PÇA REBOREDA 17),14818
160341,38.513919,-8.911441,ALBARQUEL (N10-4),15081
160027,38.530116,-8.878024,SETÚBAL (AV JOÃO II 6) ESC PINHEIRINHOS,1545
160642,38.550216,-8.761645,BISCAINHO (39),14285
160048,38.523233,-8.846533,BAIXA SANTAS (FÁB ALCATRÃO),123
160819,38.484694,-8.945276,PRAIA DA FIGUEIRINHA,7576
160738,38.498263,-8.829158,PARQUE SAPEC BAY 116-117,14348
160283,38.517152,-8.864534,PARQUE DA BELA VISTA,14716
160694,38.516103,-8.826231,PRAIAS SADO (RUA PRINCIPAL 86),14011
160089,38.533746,-8.893149,SETÚBAL (AV RODRIGUES MANITO) LICEU,13287
160696,38.515297,-8.829756,PRAIAS SADO (RUA PRINCIPAL 131),13361
160496,38.490189,-8.806830,PORTUCEL (ESCRITÓRIOS),14394
160087,38.535452,-8.893727,SETÚBAL (AV RODRIGUES MANITO 69),57
160066,38.528296,-8.882522,SETÚBAL (AV BENTO GONÇ)CENTRO COMERCIAL,14792
160067,38.529982,-8.885836,SETÚBAL (ITS EXTERIOR P1),11959
160792,38.545728,-9.025230,BREJOS AZEITÃO (R JOSÉ AFONSO 4),7587
160544,38.528040,-8.926580,S LUIS SERRA (EN 10 KM 35400),131
160347,38.520810,-8.901268,SETÚBAL (AV LUÍSA TODI 353),1547
160877,38.539685,-8.858163,R JOSÉ ANTÓNIO DA CONCEIÇÃO,14819
160332,38.494768,-8.931417,SÉCIL,14134
160401,38.532523,-8.862224,SETÚBAL (AV DESCOBERTAS 45),1299
160399,38.534810,-8.861060,SETÚBAL(R ENG FERR DIAS)XR ENG PAULO B,7584
160444,38.527205,-8.905679,SETÚBAL (R SANTIAGO 7),14357
160018,38.522018,-8.868540,SETÚBAL (AV FRANCISCO FERNANDES) ESC,1562
160606,38.518629,-8.968071,ALDEIA GRANDE (EN10 KM31500),1203
160594,38.541676,-9.004378,BREJOS (R PRAIA DA FIGUEIRINHA 32),7625
160631,38.527138,-8.866481,SETÚBAL (PCTA LANCHÔA),13256
160217,38.533241,-8.867019,SETÚBAL (R TRATADO TORDESILHAS),7583
160184,38.533787,-8.866593,SETÚBAL(AV DESCOBERTAS)ESC COND MANOBRAS,14647
160119,38.529482,-8.890394,SETÚBAL(AV ALEX HERCULANO)FRANGO VAIDOSO,14182
160635,38.525400,-8.863504,SETÚBAL (R GAIVOTAS 8),13983
160765,38.550630,-8.994827,BREJOS AZEITÃO (R S GONÇALO 65),7618
160895,38.553735,-8.797856,BECO DAS FLORES 1A,14646
160542,38.529731,-8.922343,S LUIS SERRA (EN10 KM35800),133
160892,38.554314,-8.765981,RUA DA LIBERDADE,14267
160672,38.531044,-8.828059,EM536-1 208,14403
160436,38.527086,-8.902385,SETÚBAL (R NOSSA S CARMO) JARDIM,13267
160536,38.532635,-8.910096,EN10 KM369 - HOSP SANT'IAGO,139
160013,38.515149,-8.864370,SETÚBAL (AV BELO HORIZONTE)Bº VILA MARIA,14660
160776,38.529761,-8.991625,VENDAS AZEITÃO (R 25 ABRIL) ESC PRIM,7623
160793,38.543394,-9.028416,BREJOS AZEITÃO (EN10 KM22800 447C),210
160927,38.524316,-9.021484,R ARTUR HORTA 12,1522
160387,38.538964,-8.831940,VALE ROSA,14766
160809,38.511402,-8.914371,PRAIA ALBARQUEL,14779
160619,38.526551,-8.864193,SETÚBAL (R ANDORINHAS 40),14748
160493,38.488825,-8.810555,PORTUCEL X,14058
160751,38.515034,-9.020277,ALDEIA RICA,1523
160783,38.529793,-9.020494,BJ AZEITÃO (EN10KM245)POSTO COMBUST,216
160459,38.522674,-8.903398,SETÚBAL (R JOSÉ CARLOS MAIA 128),13272
160259,38.525098,-8.905336,SETÚBAL (R BATALHA VISO 103) C SAÚDE,7658
160464,38.526699,-8.912631,SETÚBAL (R VIDAIS 1),14991
160419,38.542404,-8.882878,SETÚBAL(AV AVELAR BROTERO)BºCAMOLAS-TERM,14959
160735,38.495227,-8.828339,PARQUE SAPEC BAY 126-127 ( CNE),15060
160583,38.543135,-9.017560,CHOILO (R SOC MUSICAL BREJO CLÉRIGO 123),7633
160364,38.503358,-8.963017,ALTO RASCA ( 3),14227
160572,38.538578,-9.014088,GALEOTAS (R RAINHA DONA AMÉLIA 26),7646
160095,38.529872,-8.886131,SETÚBAL (ITS EXTERIOR P3),25045
160063,38.524870,-8.884049,SETÚBAL (AV JAIME CORTESÃO 146),98
160355,38.503904,-8.930997,FÁBRICA SÉCIL (PORTARIA),14108
160433,38.525599,-8.898661,R GENDANIEL SOUSA 4 - BOA MORTE,7661
160367,38.507681,-8.973257,CASAL FORRETA X,14370
160624,38.527709,-8.869284,SETÚBAL (R EÇA QUEIROZ 43),13257
162011,38.529352,-8.885812,SETÚBAL (ITS INTERIOR P11),25041
160085,38.537461,-8.892403,SETÚBAL (AV ANGOLA 18),55
160475,38.519978,-8.856408,MANTEIGADAS (PISCINAS MUNICIPAIS),13991
160434,38.525693,-8.898472,R GENDANIEL SOUSA 4 - BOA MORTE,13305
160015,38.520328,-8.870237,SETÚBAL (AV FRANCISCO FERNANDES) CÁRITAS,1563
160925,38.523029,-9.021818,VILA NOGUEIRA AZEITÃO (ESC C+S),14546
160011,38.513252,-8.860247,CACHOFARRA,13940
160007,38.559518,-8.789910,ALGERUZ (EN10) ANT EST ALGERUZ,14180
160482,38.499545,-8.839397,ESTR MITRENA ( BOLA SAPEC),13933
160588,38.546045,-9.012850,BREJOS (RUA SÃO GONÇALO),7632
160472,38.523036,-8.877793,SETÚBAL (R D PEDRO F SARDINHA 31),7664
160497,38.491883,-8.807270,PORTUCEL (FÁBRICA),14862
160621,38.527294,-8.866342,SETÚBAL (R EÇA QUEIROZ 10),13255
160589,38.544798,-9.009046,BREJOS (R VITORIOSOS 88A) VALE CHOUPO,7630
160771,38.537044,-8.987415,PINHEIROS AZEITÃO X,1055
160297,38.536641,-8.875225,SETÚBAL (AV CORAÇÃO MARIA) C COMERCIAL,1093
160687,38.522973,-8.815735,FARALHÃO Bº COOP(R FRUTO NOSSO TRABALHO),14178
160757,38.535780,-9.023990,BREJOS AZEITÃO (EN 10 KM 23800 249),205
160440,38.529324,-8.903450,SETÚBAL (R S JESUS AFLITOS 31),14071
160149,38.538421,-8.878516,SETÚBAL (R NOVA SINTRA 8B),13263
160805,38.540137,-9.026277,BREJOS AZEITÃO (EN10KM234),213
160977,38.516546,-9.019205,V N AZEITÃO (R 9 ABRIL X R JOSÉ A COELHO),25208
160221,38.528028,-8.875405,SETÚBAL (AV INFANTE D HENRIQUE 39),14278
160796,38.489070,-9.028922,ALAMBRE,7652
160646,38.554811,-8.764409,GÂMBIA (R LIBERDADE) Bº INDIOS,13906
160309,38.521226,-8.799377,ESTR MORGADA (96),14382
160473,38.523277,-8.876098,SETÚBAL (R D PEDRO F SARDINHA 2),13335
160843,38.573903,-8.747848,EN 10 (ESTAÇÃO CP ÁGUAS MOURA),14680
160075,38.543676,-8.896609,SETÚBAL (AV RODRIGUES MANITO 201),13297
160649,38.556835,-8.771127,GÂMBIA (R LIBERDADE) X VALE JUDEUS,14718
160802,38.484695,-8.973344,PRAIA DO CREIRO,12197
160442,38.527083,-8.904610,SETÚBAL (R S JESUS AFLITOS 11),13308
160319,38.522026,-8.817649,FARALHÃO ( ESC),13356
160969,38.536856,-8.889210,SETÚBAL (R ENG HENRIQUE CABEÇADAS),14957
160361,38.505508,-8.958081,RASCA,13224
160869,38.543068,-8.848013,R QUINTA SERRALHEIRA XR VALE ANA GOMES,14878
160759,38.542051,-9.020892,B AZEITÃO (R S GONÇALO)L NOVA(PARAGEMZN),7593
160762,38.546441,-9.005839,BREJOS AZEITÃO (R S GONÇALO 142),7615
160637,38.526058,-8.862354,SETÚBAL (R MELROS) X (R ANDORINHAS),13250
160157,38.524809,-8.895002,KM 39200 - LGO COMBATENTES,13331
160317,38.522246,-8.814811,ALTO FARALHÃO,15042
160527,38.546090,-8.884783,SETÚBAL (ESTR CIPRESTES) X VARZINHA,12490
160689,38.536032,-8.869518,SETÚBAL (MONTE BELO NORTE) TERMINAL,14400
160743,38.518411,-8.875607,EN 10-4 (KM 12000) PORTO SETÚBAL,14312
160975,38.484929,-8.961734,PRAIA DOS GALAPOS,13926
160553,38.518448,-8.968927,ALDEIA GRANDE (EN10 KM31500),1202
160778,38.521355,-9.008049,VN AZEITÃO (EN10)QTA TORRES ( J FONSECA),1511
160195,38.524014,-8.863987,SETÚBAL (AV BENTO JESUS CARAÇA 1A),114
160163,38.522801,-8.887339,SETÚBAL (AV LUISA TODI 3) FINANÇAS,13322
160543,38.528188,-8.926652,S LUIS SERRA (EN 10 KM 35400),13282
160240,38.530845,-8.866276,SETÚBAL (R ADRIANO CORREIA OLIVEIRA) ESC,1558
160523,38.529002,-8.897780,SETÚBAL (R FREI ANT CHAGAS) IGRJ JUBILEU,142
160333,38.503740,-8.928444,RASCA (ECOPARQUE),14347
160161,38.522927,-8.894998,SETÚBAL (AV LUÍSA TODI) LGO JESUS,102
160741,38.512952,-8.859932,ESTR MITRENA (FÁBRICA MAURI) CACHOFARRA,14778
160450,38.528230,-8.910557,SETÚBAL (R VIDAIS 25),7705
160564,38.524037,-8.997442,V F AZEITÃO (EN10) URB BOM PASTOR,1512
160026,38.530057,-8.873638,SETÚBAL (AV AFONSO ALBUQUERQUE 58),7579
160477,38.520496,-8.856577,SETÚBAL (MANTEIGADAS)PISCINAS MUNICIPAIS,13913
160024,38.530065,-8.871417,SETÚBAL (AV AFONSO ALBUQUERQUE 9),7580
160836,38.528361,-8.908202,EB CASAL DAS FIGUEIRAS,25270
160159,38.522706,-8.897424,SETÚBAL (AV LUÍSA TODI 281),1007
160545,38.525729,-8.936513,EN10 KM345 - ALTO SERRADOR,13281
160232,38.522839,-8.869072,SETÚBAL (AV BELA VISTA BLOCO 5),7669
160390,38.539211,-8.837578,R DO ALTO GUERRA 2,14072
160262,38.525860,-8.907719,SETÚBAL (R BATALHA VISO 84),13275
160786,38.525946,-9.018058,V NOGUEIRA AZEITÃO (EN10) X R ESC C+S,30
160861,38.555744,-8.840551,ESTR ALGERUZ (PADEIRAS) X,14472
160044,38.523719,-8.839456,ALTO ESTEFANILHA (IPS),116
160726,38.521470,-8.836594,RUA VALE DE CHAVES,14070
160912,38.553837,-9.017744,BREJOS AZEITÃO (R NOVA JARDIA 95),7600
160729,38.495181,-8.801777,ESTR MITRENA (ROULOTES),14858
160351,38.522930,-8.898745,SETÚBAL (AV LUISA TODI 472) PIRILAMPOS,944
160978,38.520686,-9.020934,V N AZEITÃO (R FILIPE MAGALHÃES),25213
160754,38.512673,-9.022752,OLEIROS AZEITÃO,899
160109,38.529199,-8.891957,SETÚBAL (AV 22 DEZEMBRO) BONFIM,13328
160073,38.547080,-8.899182,SETÚBAL (FERRO ENGOMAR) TERMINAL,13298
160076,38.543788,-8.896551,SETÚBAL (AV RODRIGUES MANITO 201),13296
160746,38.521979,-8.884587,SETÚBAL (CAIS FERRY BOAT),13319
160052,38.522661,-8.851059,MANTEIGADAS,118
160111,38.532416,-8.889098,SETÚBAL (AV INDEPENDÊNCIA COLÓNIAS 24),13326
160855,38.567557,-8.771412,EN 10 JUNTO A X R DA GÂMBIA,14301
160177,38.524354,-8.864295,SETÚBAL (AV BENTO JESUS CARAÇA 22),105
160490,38.491742,-8.820824,ESTR MITRENA (ALSTOM),14729
160225,38.523487,-8.895376,SETÚBAL (AV LUISA TODI) CASINO,44
160453,38.529555,-8.905172,SETÚBAL (PÇA REBOREDA 1),13280
160961,38.526054,-8.891183,AV MARIANA DE CARVALHO,1091
160700,38.516328,-8.836254,PRAIAS SADO (RUA PRINCIPAL 240),14031
160242,38.532258,-8.865225,SETÚBAL (R ADRIANO CORREIA OLIVEIRA),1557
160625,38.527971,-8.871595,SETÚBAL (R JOÃO DEUS 107),15069
160908,38.557522,-9.016826,BREJOS AZEITÃO (R PARIS 17),7604
162003,38.529722,-8.885599,SETÚBAL (ITS INTERIOR P3),11962
160758,38.536160,-9.023990,BREJOS AZEITÃO (EN 10 KM 23800 249),218
160628,38.526519,-8.875051,SETÚBAL (AV INFANTE D HENRIQUE11),14315
160900,38.546428,-9.013274,BREJOS AZEITÃO (R PADARIA 52),7612
160133,38.522962,-8.887236,SETÚBAL (AV LUISA TODI 92),13321
160980,38.522562,-9.017086,V N AZEITÃO (PISCINA MUNICIPAL),25211
160617,38.526099,-8.862709,SETÚBAL (R ANDORINHAS),13251
160647,38.555747,-8.766866,GÂMBIA (R LIBERDADE) X R 9 OUTUBRO,14001
160979,38.521469,-9.016035,V N AZEITÃO (R DR FRANC GONC OLIVEIRA),25212
160331,38.494937,-8.931431,SÉCIL,14686
160021,38.529394,-8.870470,SETÚBAL (R DR LUIS T MACEDO CASTRO 27),1559
160938,38.553881,-9.034299,QTA CONDE EN 10 NEGREIROS - PONTE,197
160718,38.516935,-8.829076,PRAIAS SADO (R FERR CASTRO)MARÉS VIVAS 2,14847
160684,38.526373,-8.811756,FARALHÃO Bº COOPERATIVA,14599
160303,38.522211,-8.859814,SETÚBAL (AV JÚLIO SANTOS),1566
160742,38.513070,-8.859842,ESTR MITRENA (FÁBRICA MAURI) CACHOFARRA,14214
160388,38.539048,-8.831904,VALE ROSA,14706
160650,38.557037,-8.771380,GÂMBIA (R LIBERDADE) X VALE JUDEUS,1128
160585,38.545512,-9.016694,BREJOS AZ (R S GONÇALO)X R ESC (ESCOLA),7594
160573,38.537447,-9.018085,CHOILO (R FAMÍLIA BRONZE 29),7643
160139,38.525290,-8.889235,SETÚBAL (AV 5 OUTUBRO 42),95
160909,38.556537,-9.018486,BREJOS AZEITÃO (R NOVA JARDIA 172),7602
160428,38.533659,-8.877548,SETÚBAL (R BOMBEIROS SETÚBAL 13),14282
160690,38.536136,-8.869552,SETÚBAL (MONTE BELO NORTE) TERMINAL,1539
160062,38.524723,-8.881110,SETÚBAL (AV JAIME CORTESÃO) FARMÁCIA PT,111
160470,38.522955,-8.881592,SETÚBAL (R ESTEVÃO L VELHO 19),13336
160357,38.502429,-8.934527,FÁBRICA SÉCIL (FORNO),13219
160875,38.545956,-8.841375,R DO CANAVIAL 264,14742
160674,38.523835,-8.829240,EST VALE ROSA (CURVAS X),13951
160486,38.496329,-8.832346,SAPEC (ADMINISTRAÇÃO),14466
160936,38.523072,-9.023255,VILA NOGUEIRA AZEITÃO (ESC C+S),1456
160060,38.525125,-8.876164,SETÚBAL (AV JAIME CORTESÃO 4),122
160092,38.532923,-8.889957,SETÚBAL (R ANTÓNIO JOSÉ GAMITO 17),13327
160914,38.550209,-9.017249,BREJOS AZEITÃO (R NOVA JARDIA 74),7598
160057,38.525550,-8.866488,SETÚBAL (AV B JESUS CARAÇA) ESC LANCHOA,121
160189,38.539679,-8.868238,SETÚBAL (AV M LIMA FREITAS)C COMERCIAL,1555
160831,38.537118,-8.878854,SETÚBAL (AV ANTERO QUENTAL-EST C COMERC),13264
160695,38.515418,-8.829665,PRAIAS SADO (RUA PRINCIPAL 131),13362
160952,38.547148,-9.032945,PINHAL NEGREIROS (R POETA BOCAGE 20),14310
160896,38.553670,-8.797850,BECO DAS FLORES 1A,14537
160499,38.489894,-8.795504,ESTR MITRENA X LISNAVE,13348
160363,38.503257,-8.962894,ALTO RASCA ( 3),14640
160028,38.529989,-8.877554,SETÚBAL (AV JOÃO II 6) ESC PINHEIRINHOS,7578
160423,38.540508,-8.884586,SETÚBAL (R GREGÓRIO LOPES 7),13996
160724,38.536859,-8.823670,ESTR VL ROSA-MOUR (URB NV)XQTA FRAGOSO,14405
160515,38.543196,-8.880604,SETÚBAL (ESTR VALE MULATAS) COLÉGIO,14281
160295,38.543587,-8.860440,ESTR ALGERUZ (CEMITÉRIO) X,1551
160334,38.503630,-8.928384,RASCA (ECOPARQUE),14275
160370,38.504527,-8.928395,RASCA X,15079
160828,38.534985,-8.895385,SETÚBAL (RUA DE TIMOR),14534
160930,38.531181,-9.036199,R QTA DOS MALMEQUERES 11,25288
160815,38.521370,-8.889225,AV JOSÉ MOURINHO (GNR),14859
160953,38.546621,-9.034792,R POE CALAFATE 110,14776
160654,38.552467,-8.807550,EN 10 (PONTES) IMA,14104
160263,38.526032,-8.909981,SETÚBAL (R BATALHA VISO 203),13278
160386,38.536582,-8.822368,ESTR VL ROSA-MOUR (URB NV)XQTA FRAGOSO,13974
160421,38.541649,-8.883593,SETÚBAL (LGO CAMPO FLORES 31),14710
160508,38.524941,-8.896738,SETÚBAL (AV COMBATENTES) SADINO,14775
160753,38.512672,-9.023167,OLEIROS AZEITÃO,898
160439,38.529412,-8.903451,SETÚBAL (R S JESUS AFLITOS 31),13306
160587,38.546141,-9.012675,BREJOS (RUA SÃO GONÇALO),7631
160173,38.522469,-8.866329,SETÚBAL (R PD JOSÉ Mª NUNES SILVA 30),7671
160336,38.507899,-8.928798,COMENDA (PARQUE MERENDAS),25449
160656,38.549377,-8.811955,EN 10 (PONTES) FLÔR PONTES,1000
160893,38.550751,-8.768982,R 9 DE OUTUBRO 29,15039
160061,38.524780,-8.881877,SETÚBAL (AV JAIME CORTESÃO) FARMÁCIA PT,125
160135,38.523532,-8.893702,SETÚBAL (AV LUISA TODI 310),13315
160345,38.517921,-8.905669,EN 379-1 X PARQUE URBANO ALBARQUEL,13312
160915,38.548008,-9.016663,BREJOS AZEITÃO (R NOVA JARDIA 42),7597
160964,38.527369,-8.870287,SETÚBAL (R CELESTINO ALVES 22A),13615
160838,38.493531,-8.932819,RUA ORLANDO CURTO,15024
160683,38.526311,-8.811772,FARALHÃO Bº COOPERATIVA,14098